"customer_id","customer_name","recency_days","frequency","monetary_value","r_score","f_score","m_score","rfm_str","customer_segment"
"NB-18580","Nicole Brennan","1166","2","273.87","1","1","1","111","Hibernation"
"GR-14560","Georgia Rosenberg","1136","2","1284.38","1","1","2","112","Hibernation"
"RE-19405","Ricardo Emerson","1098","1","48.36","1","1","1","111","Hibernation"
"CM-12715","Craig Molinari","1036","4","3984.4500000000003","1","1","4","114","Hibernation"
"VT-21700","Valerie Takahito","1001","2","1736.6","1","1","2","112","Hibernation"
"PC-19000","Pauline Chand","883","2","1061.49","1","1","1","111","Hibernation"
"AG-10525","Andy Gerbode","846","4","1455.04","1","1","2","112","Hibernation"
"PF-19120","Peter Fuller","836","4","9062.86","1","1","4","114","Hibernation"
"DP-13165","David Philippe","813","2","1058.62","1","1","1","111","Hibernation"
"CC-12685","Craig Carroll","800","4","2854.12","1","1","3","113","Hibernation"
"SC-20020","Sam Craven","782","5","3362.96","1","2","3","123","Hibernation"
"LS-17230","Lycoris Saunders","778","3","368.88","1","1","1","111","Hibernation"
"DH-13675","Duane Huffman","777","4","1043.09","1","1","1","111","Hibernation"
"KW-16570","Kelly Williams","772","4","449.1","1","1","1","111","Hibernation"
"HD-14785","Harold Dahlen","770","3","251.35999999999999","1","1","1","111","Hibernation"
"GP-14740","Guy Phonely","766","2","236.53","1","1","1","111","Hibernation"
"SH-20635","Stefanie Holloman","766","2","2096.3900000000003","1","1","2","112","Hibernation"
"JG-15115","Jack Garza","759","3","2358.66","1","1","3","113","Hibernation"
"JJ-15760","Joel Jenkins","754","2","195","1","1","1","111","Hibernation"
"JB-15925","Joni Blumstein","738","3","900.55","1","1","1","111","Hibernation"
"DE-13255","Deanra Eno","720","5","2550.87","1","2","3","123","Hibernation"
"MP-17470","Mark Packer","720","7","3206.12","1","3","3","133","At Risk"
"CM-11935","Carlos Meador","709","2","565.39","1","1","1","111","Hibernation"
"DF-13135","David Flashing","701","3","2390.54","1","1","3","113","Hibernation"
"CH-12070","Cathy Hwang","692","3","1537.24","1","1","2","112","Hibernation"
"PB-19210","Phillip Breyer","689","2","132.74","1","1","1","111","Hibernation"
"BT-11485","Brad Thomas","660","2","415.2","1","1","1","111","Hibernation"
"RB-19645","Robert Barroso","649","5","221.09","1","1","1","111","Hibernation"
"DJ-13420","Denny Joy","638","4","2012.52","1","1","2","112","Hibernation"
"JL-15850","John Lucas","615","6","2725.25","1","3","3","133","At Risk"
"SM-20905","Susan MacKendrick","607","1","1043.05","1","1","1","111","Hibernation"
"JR-15670","Jim Radford","594","2","1156.6599999999999","1","1","2","112","Hibernation"
"TB-21280","Toby Braunhardt","584","6","2198.46","1","2","2","122","Hibernation"
"BS-11665","Brian Stugart","583","3","3288.12","1","1","3","113","Hibernation"
"VD-21670","Valerie Dominguez","582","6","6442.26","1","3","4","134","At Risk"
"BT-11440","Bobby Trafton","561","4","603.87","1","1","1","111","Hibernation"
"BS-11365","Bill Shonely","559","5","10501.65","1","2","4","124","Hibernation"
"MG-17695","Maureen Gnade","556","3","1342.29","1","1","2","112","Hibernation"
"LD-16855","Lela Donovan","553","1","5.3","1","1","1","111","Hibernation"
"Co-12640","Corey-Lock","550","5","1300.08","1","2","2","122","Hibernation"
"AR-10570","Anemone Ratner","535","1","88.15","1","1","1","111","Hibernation"
"SW-20755","Steven Ward","535","2","758.6899999999999","1","1","1","111","Hibernation"
"RH-19600","Rob Haberlin","535","3","2085.74","1","1","2","112","Hibernation"
"JS-15880","John Stevenson","535","5","3868.0099999999998","1","2","4","124","Hibernation"
"NF-18475","Neil Französisch","526","4","377.17","1","1","1","111","Hibernation"
"RH-19555","Ritsa Hightower","520","2","740.39","1","1","1","111","Hibernation"
"TS-21160","Theresa Swint","505","6","2163.63","1","2","2","122","Hibernation"
"AO-10810","Anthony O'Donnell","502","1","161.28","1","1","1","111","Hibernation"
"RP-19270","Rachel Payne","497","4","954.64","1","1","1","111","Hibernation"
"SS-20515","Shirley Schmidt","492","3","613.4","1","1","1","111","Hibernation"
"CS-12130","Chad Sievert","490","4","884.64","1","1","1","111","Hibernation"
"KD-16270","Karen Daniels","485","5","8282.36","1","2","4","124","Hibernation"
"PK-18910","Paul Knutson","484","2","1441.15","1","1","2","112","Hibernation"
"JJ-15445","Jennifer Jackson","484","5","709.17","1","2","1","121","Hibernation"
"DM-13525","Don Miller","482","3","1376.8","1","1","2","112","Hibernation"
"CR-12625","Corey Roper","471","3","475.9","1","1","1","111","Hibernation"
"RH-19510","Rick Huthwaite","468","6","6979.18","1","3","4","134","At Risk"
"PW-19240","Pierre Wener","465","7","3922.41","1","3","4","134","At Risk"
"JS-15940","Joni Sundaresam","464","5","469.16","1","2","1","121","Hibernation"
"JW-16075","Julia West","462","4","1428.73","1","1","2","112","Hibernation"
"CC-12100","Chad Cunningham","458","6","1770.95","1","2","2","122","Hibernation"
"MS-17830","Melanie Seite","453","4","370.34000000000003","1","1","1","111","Hibernation"
"CM-12445","Chuck Magee","437","3","288","1","1","1","111","Hibernation"
"LC-16960","Lindsay Castell","437","4","3246.63","1","1","3","113","Hibernation"
"MS-17530","MaryBeth Skach","435","4","475.65999999999997","1","1","1","111","Hibernation"
"SS-20590","Sonia Sunley","433","6","418.49","1","2","1","121","Hibernation"
"CS-12490","Cindy Schnelling","425","4","1077.23","1","1","1","111","Hibernation"
"ER-13855","Elpida Rittenbach","422","3","1245.79","1","1","2","112","Hibernation"
"SM-20005","Sally Matthias","422","4","244.49","1","1","1","111","Hibernation"
"MF-17665","Maureen Fritzler","422","5","937.0500000000001","1","2","1","121","Hibernation"
"AB-10015","Aaron Bergman","416","3","886.15","1","1","1","111","Hibernation"
"AF-10885","Art Foster","416","4","861.57","1","1","1","111","Hibernation"
"LD-17005","Lisa DeCherney","415","4","1961.93","1","1","2","112","Hibernation"
"MS-17710","Maurice Satty","414","6","1613.39","1","2","2","122","Hibernation"
"ON-18715","Odella Nelson","411","9","1567.52","1","4","2","142","At Risk"
"AH-10690","Anna Häberlin","411","12","7888.3","1","4","4","144","At Risk"
"IM-15055","Ionia McGrath","410","3","2872.63","1","1","3","113","Hibernation"
"KC-16255","Karen Carlisle","408","6","2120.95","1","2","2","122","Hibernation"
"TT-21265","Tim Taslimi","407","3","439.5","1","1","1","111","Hibernation"
"NP-18685","Nora Pelletier","407","6","1228.7","1","2","2","122","Hibernation"
"EH-13990","Erica Hackney","406","6","825.9499999999999","1","2","1","121","Hibernation"
"JH-16180","Justin Hirsh","405","4","2256.39","1","1","2","112","Hibernation"
"CA-12055","Cathy Armstrong","402","5","1679.72","1","2","2","122","Hibernation"
"CD-12790","Cynthia Delaney","400","5","1860.74","1","2","2","122","Hibernation"
"MC-17425","Mark Cousins","400","5","4432.14","1","2","4","124","Hibernation"
"TC-20980","Tamara Chand","400","5","19052.22","1","2","4","124","Hibernation"
"JD-15895","Jonathan Doherty","395","11","7610.87","1","4","4","144","At Risk"
"LM-17065","Liz MacKendrick","392","5","1346.78","1","2","2","122","Hibernation"
"KT-16465","Kean Takahito","392","7","3057.1","1","3","3","133","At Risk"
"IM-15070","Irene Maddox","391","7","4930.49","1","3","4","134","At Risk"
"RF-19345","Randy Ferguson","391","8","3309.14","1","4","3","143","At Risk"
"GH-14485","Gene Hale","388","2","1361.24","1","1","2","112","Hibernation"
"PM-18940","Paul MacIntyre","387","3","1405.3999999999999","1","1","2","112","Hibernation"
"SP-20650","Stephanie Phelps","387","9","1872.43","1","4","2","142","At Risk"
"CM-12235","Chris McAfee","386","5","2305.71","1","2","3","123","Hibernation"
"LH-17155","Logan Haushalter","386","9","1739.69","1","4","2","142","At Risk"
"MH-17440","Mark Haberlin","377","4","400.02","1","1","1","111","Hibernation"
"MC-18130","Mike Caudle","370","5","1581.99","1","2","2","122","Hibernation"
"RC-19825","Roy Collins","370","6","966.4100000000001","1","2","1","121","Hibernation"
"CJ-11875","Carl Jackson","366","1","16.52","1","1","1","111","Hibernation"
"FW-14395","Fred Wasserman","363","3","79.75","1","1","1","111","Hibernation"
"DP-13390","Dennis Pardue","359","9","5480.73","1","4","4","144","At Risk"
"TS-21085","Thais Sissman","358","2","4.84","1","1","1","111","Hibernation"
"DA-13450","Dianna Arnett","353","4","156.76","1","1","1","111","Hibernation"
"TP-21565","Tracy Poddar","351","4","1936.62","1","1","2","112","Hibernation"
"TB-21250","Tim Brockman","350","7","1602.3700000000001","1","3","2","132","At Risk"
"SC-20095","Sanjit Chand","350","9","14142.34","1","4","4","144","At Risk"
"RM-19375","Raymond Messe","346","6","1453.47","1","2","2","122","Hibernation"
"TH-21100","Thea Hendricks","345","5","2422.83","1","2","3","123","Hibernation"
"CG-12520","Claire Gute","339","3","1148.78","1","1","2","112","Hibernation"
"TG-21310","Toby Gnade","338","5","3058.38","1","2","3","123","Hibernation"
"BT-11305","Beth Thompson","337","5","2567.66","1","2","3","123","Hibernation"
"BV-11245","Benjamin Venier","335","5","1523.28","1","2","2","122","Hibernation"
"BD-11770","Bryan Davis","328","6","658.46","1","2","1","121","Hibernation"
"SP-20545","Sibella Parks","328","6","1306.09","1","2","2","122","Hibernation"
"SV-20785","Stewart Visinsky","321","9","4105.32","1","4","4","144","At Risk"
"BM-11140","Becky Martin","308","4","11789.64","1","1","4","114","Hibernation"
"EJ-13720","Ed Jacobs","303","4","2162.18","1","1","2","112","Hibernation"
"RE-19450","Richard Eichhorn","303","5","876.6999999999999","1","2","1","121","Hibernation"
"BT-11395","Bill Tyler","303","6","2186.61","1","2","2","122","Hibernation"
"JD-16060","Julia Dunbar","301","3","695.4399999999999","1","1","1","111","Hibernation"
"RM-19750","Roland Murray","300","1","98.35","1","1","1","111","Hibernation"
"KB-16315","Karl Braun","297","9","1569.45","1","4","2","142","At Risk"
"KS-16300","Karen Seio","296","3","88.47","1","1","1","111","Hibernation"
"KD-16615","Ken Dana","290","5","2243.51","1","2","2","122","Hibernation"
"JK-15325","Jason Klamczynski","288","3","383.81","1","1","1","111","Hibernation"
"EN-13780","Edward Nazzal","288","4","2199.3599999999997","1","1","2","112","Hibernation"
"VG-21805","Vivek Grady","287","5","427.37","1","2","1","121","Hibernation"
"TB-21595","Troy Blackwell","286","5","1387.5700000000002","1","2","2","122","Hibernation"
"CL-12565","Clay Ludtke","285","12","10880.56","1","4","4","144","At Risk"
"AC-10660","Anna Chung","283","5","657.3100000000001","1","2","1","121","Hibernation"
"MZ-17515","Mary Zewe","283","6","2564.89","1","2","3","123","Hibernation"
"BD-11560","Brendan Dodson","279","2","320.54","1","1","1","111","Hibernation"
"AG-10270","Alejandro Grove","279","5","2582.9","1","2","3","123","Hibernation"
"DH-13075","Dave Hallsten","278","6","4932.87","1","3","4","134","At Risk"
"MS-17365","Maribeth Schnelling","274","10","7443.68","1","4","4","144","At Risk"
"BS-11800","Bryan Spruell","266","2","949.43","1","1","1","111","Hibernation"
"MG-18205","Mitch Gastineau","265","1","16.740000000000002","1","1","1","111","Hibernation"
"DB-13360","Dennis Bolton","265","5","1081.47","1","2","1","121","Hibernation"
"AA-10480","Andrew Allen","260","4","1790.51","1","1","2","112","Hibernation"
"CV-12295","Christina VanderZanden","255","5","2830.63","1","2","3","123","Hibernation"
"BE-11455","Brad Eason","255","6","1727.6499999999999","1","2","2","122","Hibernation"
"SJ-20500","Shirley Jackson","254","5","1318.77","1","2","2","122","Hibernation"
"LL-16840","Lauren Leatherbury","250","6","2741.2","1","3","3","133","At Risk"
"HM-14980","Henry MacAllister","248","4","736.28","1","1","1","111","Hibernation"
"NM-18520","Neoma Murray","245","10","2161.98","1","4","2","142","At Risk"
"DW-13585","Dorothy Wardle","243","7","1204.85","1","3","2","132","At Risk"
"DB-12970","Darren Budd","242","5","2839.23","1","2","3","123","Hibernation"
"MK-18160","Mike Kennedy","241","4","1031.6000000000001","1","1","1","111","Hibernation"
"LH-17020","Lisa Hazard","240","4","318.23","1","1","1","111","Hibernation"
"TS-21655","Trudy Schmidt","239","5","3368.08","1","2","3","123","Hibernation"
"PS-19045","Penelope Sewall","237","7","6843.63","1","3","4","134","At Risk"
"AC-10420","Alyssa Crouse","233","3","925.8000000000001","1","1","1","111","Hibernation"
"CS-12175","Charles Sheldon","233","5","844.46","1","2","1","121","Hibernation"
"AH-10465","Amy Hunt","231","5","2495.4","1","2","3","123","Hibernation"
"KB-16585","Ken Black","231","12","2744.7400000000002","1","4","3","143","At Risk"
"SG-20890","Susan Gilcrest","227","3","47.949999999999996","1","1","1","111","Hibernation"
"TS-21340","Toby Swindell","227","5","974.78","1","2","1","121","Hibernation"
"JF-15295","Jason Fortune-","226","5","955.12","1","2","1","121","Hibernation"
"NC-18340","Nat Carroll","225","5","2461.41","1","2","3","123","Hibernation"
"JG-15805","John Grady","224","6","1507.02","1","2","2","122","Hibernation"
"VS-21820","Vivek Sundaresam","222","4","1055.99","1","1","1","111","Hibernation"
"BM-11785","Bryan Mills","219","10","1338.82","1","4","2","142","At Risk"
"DW-13480","Dianna Wilson","218","5","5271.63","1","2","4","124","Hibernation"
"DN-13690","Duane Noonan","218","7","2139.79","1","3","2","132","At Risk"
"EH-13945","Eric Hoffmann","218","8","684.18","1","3","1","131","At Risk"
"JO-15550","Jesus Ocampo","216","5","1090.85","1","2","1","121","Hibernation"
"BW-11065","Barry Weirich","213","3","385.51","1","1","1","111","Hibernation"
"FH-14350","Fred Harton","213","4","2271.29","1","1","3","113","Hibernation"
"NR-18550","Nick Radford","211","5","2367.27","1","2","3","123","Hibernation"
"LW-17125","Liz Willingham","206","3","1259.04","1","1","2","112","Hibernation"
"NC-18625","Noah Childs","205","5","1821.75","1","2","2","122","Hibernation"
"MT-18070","Michelle Tran","204","4","1319.4399999999998","1","1","2","112","Hibernation"
"BW-11200","Ben Wallace","204","6","1738.41","1","2","2","122","Hibernation"
"ZD-21925","Zuschuss Donatelli","203","5","1493.94","1","2","2","122","Hibernation"
"TB-21400","Tom Boeckenhauer","203","7","9133.99","1","3","4","134","At Risk"
"BC-11125","Becky Castell","203","9","2933.67","1","4","3","143","At Risk"
"SB-20170","Sarah Bern","202","3","1348.02","1","1","2","112","Hibernation"
"SD-20485","Shirley Daniels","201","9","6121.099999999999","1","4","4","144","At Risk"
"TS-21205","Thomas Seio","199","7","5371.11","1","3","4","134","At Risk"
"CB-12535","Claudia Bergmann","198","8","4246.46","1","4","4","144","At Risk"
"PF-19165","Philip Fox","197","6","2770","1","3","3","133","At Risk"
"SR-20740","Steven Roelle","197","8","4345.88","1","4","4","144","At Risk"
"TR-21325","Toby Ritter","194","5","675.9399999999999","1","2","1","121","Hibernation"
"JE-15475","Jeremy Ellison","194","6","1388.69","1","2","2","122","Hibernation"
"AS-10240","Alan Shonely","193","7","584.62","1","3","1","131","At Risk"
"MC-17635","Matthew Clasen","190","4","795.15","1","1","1","111","Hibernation"
"NH-18610","Nicole Hansen","190","7","2673.29","1","3","3","133","At Risk"
"CJ-12010","Caroline Jumper","190","8","11164.97","1","4","4","144","At Risk"
"SB-20185","Sarah Brown","189","6","6411","1","3","4","134","At Risk"
"DB-13405","Denny Blanton","188","4","1711.69","1","1","2","112","Hibernation"
"SC-20260","Scott Cohen","188","8","3729.7999999999997","1","4","3","143","At Risk"
"SC-20725","Steven Cartwright","188","11","5226.2","1","4","4","144","At Risk"
"MA-17995","Michelle Arnett","187","6","2453.29","1","2","3","123","Hibernation"
"AA-10315","Alex Avila","185","5","5563.56","1","2","4","124","Hibernation"
"FC-14335","Fred Chung","185","7","3889.36","1","3","4","134","At Risk"
"ND-18460","Neil Ducich","184","6","2893.46","1","3","3","133","At Risk"
"TT-21220","Thomas Thornton","184","8","1427.05","1","3","2","132","At Risk"
"SG-20470","Sheri Gordon","184","8","1884.8000000000002","1","3","2","132","At Risk"
"MO-17950","Michael Oakman","181","2","154.29","2","1","1","211","Hibernation"
"JK-15640","Jim Kriz","181","9","4760.44","2","4","4","244","At Risk"
"RD-19585","Rob Dowd","181","10","2912.9","2","4","3","243","At Risk"
"LS-16945","Linda Southworth","179","6","2845.27","2","3","3","233","At Risk"
"JC-15385","Jenna Caffey","176","1","1058.1100000000001","2","1","1","211","Hibernation"
"JH-15820","John Huston","175","6","528.92","2","2","1","221","Hibernation"
"NS-18640","Noel Staavos","175","13","2964.8199999999997","2","4","3","243","At Risk"
"TS-21430","Tom Stivers","173","5","2054.14","2","2","2","222","Hibernation"
"NW-18400","Natalie Webber","173","7","7234.02","2","3","4","234","At Risk"
"RR-19525","Rick Reed","171","6","3302.2599999999998","2","3","3","233","At Risk"
"MM-17260","Magdelene Morse","169","4","1314.02","2","1","2","212","Hibernation"
"AJ-10795","Anthony Johnson","167","7","4501.39","2","3","4","234","At Risk"
"AB-10255","Alejandro Ballentine","167","9","914.53","2","4","1","241","At Risk"
"SW-20350","Sean Wendt","163","3","1019.04","2","1","1","211","Hibernation"
"CS-11860","Cari Schnelling","163","6","537.63","2","2","1","221","Hibernation"
"SW-20455","Shaun Weien","163","7","2921.54","2","3","3","233","At Risk"
"AM-10705","Anne McFarland","163","8","5664.02","2","4","4","244","At Risk"
"EB-13930","Eric Barreto","162","5","944.6","2","2","1","221","Hibernation"
"AZ-10750","Annie Zypern","161","6","1622.03","2","2","2","222","Hibernation"
"NM-18445","Nathan Mautz","161","7","6459.34","2","3","4","234","At Risk"
"CP-12340","Christine Phan","161","8","5888.3","2","4","4","244","At Risk"
"PO-19180","Philisse Overcash","161","9","4893.05","2","4","4","244","At Risk"
"HR-14830","Harold Ryan","160","7","5248.8","2","3","4","234","At Risk"
"EM-14200","Evan Minnotte","159","3","366.83","2","1","1","211","Hibernation"
"JC-15775","John Castell","159","9","2772.06","2","4","3","243","At Risk"
"GZ-14545","George Zrebassa","158","4","2454.62","2","1","3","213","Hibernation"
"MH-17620","Matt Hagelstein","156","4","1252.8","2","1","2","212","Hibernation"
"VG-21790","Vivek Gonzalez","155","6","846.02","2","2","1","221","Hibernation"
"LA-16780","Laura Armstrong","155","11","8673.23","2","4","4","244","At Risk"
"TC-21475","Tony Chapman","154","9","1244.98","2","4","2","242","At Risk"
"GM-14680","Greg Matthias","153","6","3163.6299999999997","2","3","3","233","At Risk"
"LB-16795","Laurel Beltran","153","8","4985.68","2","4","4","244","At Risk"
"EH-14125","Eugene Hildebrand","153","10","3082.64","2","4","3","243","At Risk"
"EA-14035","Erin Ashbrook","153","13","2846.71","2","4","3","243","At Risk"
"LH-16750","Larry Hughes","152","3","287.43","2","1","1","211","Hibernation"
"EM-13960","Eric Murdock","152","5","933.6999999999999","2","2","1","221","Hibernation"
"HK-14890","Heather Kirkland","152","8","4877.8","2","4","4","244","At Risk"
"SC-20230","Scot Coram","150","4","4371.96","2","1","4","214","Hibernation"
"GA-14515","George Ashbrook","150","8","3919.77","2","4","4","244","At Risk"
"TB-21355","Todd Boyes","147","5","834.33","2","2","1","221","Hibernation"
"FM-14380","Fred McMath","146","9","2523.26","2","4","3","243","At Risk"
"IL-15100","Ivan Liston","143","7","5040.74","2","3","4","234","At Risk"
"NP-18700","Nora Preis","139","7","7903.18","2","3","4","234","At Risk"
"BO-11350","Bill Overfelt","138","5","2682.73","2","2","3","223","Hibernation"
"ED-13885","Emily Ducich","136","8","3484.9100000000003","2","4","3","243","At Risk"
"EH-13765","Edward Hooks","136","12","10310.87","2","4","4","244","At Risk"
"PJ-19015","Pauline Johnson","135","7","1824.23","2","3","2","232","At Risk"
"DO-13435","Denny Ordway","134","9","1300.03","2","4","2","242","At Risk"
"LR-17035","Lisa Ryan","133","5","1879.3","2","2","2","222","Hibernation"
"EM-13810","Eleni McCrary","133","5","2567","2","2","3","223","Hibernation"
"SC-20845","Sung Chung","132","2","280.63","2","1","1","211","Hibernation"
"CM-11815","Candace McMahon","132","6","1673.89","2","2","2","222","Hibernation"
"TM-21490","Tony Molinari","131","3","1094.68","2","1","1","211","Hibernation"
"HJ-14875","Heather Jas","127","5","358.1","2","2","1","221","Hibernation"
"SC-20680","Steve Carroll","127","6","1254.64","2","2","2","222","Hibernation"
"DP-13000","Darren Powers","127","9","1050.63","2","4","1","241","At Risk"
"MR-17545","Mathew Reese","126","4","639.1800000000001","2","1","1","211","Hibernation"
"AR-10405","Allen Rosenblatt","126","5","2236.12","2","2","2","222","Hibernation"
"ST-20530","Shui Tom","126","7","433.34","2","3","1","231","At Risk"
"BW-11110","Bart Watters","122","8","4750.36","2","4","4","244","At Risk"
"RL-19615","Rob Lucas","122","8","6234.91","2","4","4","244","At Risk"
"MS-17770","Maxwell Schwartz","122","9","3144.67","2","4","3","243","At Risk"
"JF-15490","Jeremy Farry","122","11","1082.92","2","4","1","241","At Risk"
"SS-20875","Sung Shariari","121","5","964.63","2","2","1","221","Hibernation"
"CK-12325","Christine Kargatis","121","5","2945.32","2","2","3","223","Hibernation"
"CA-12775","Cynthia Arntzen","121","7","3041.58","2","3","3","233","At Risk"
"RW-19540","Rick Wilson","121","7","7397.400000000001","2","3","4","234","At Risk"
"RK-19300","Ralph Kennedy","120","3","1460.19","2","1","2","212","Hibernation"
"JS-15595","Jill Stevenson","120","4","1417.65","2","1","2","212","Hibernation"
"Dl-13600","Dorris liebe","120","5","755.6","2","2","1","221","Hibernation"
"TB-21055","Ted Butterfield","120","5","1467.89","2","2","2","222","Hibernation"
"JL-15235","Janet Lee","120","5","2203.7","2","2","2","222","Hibernation"
"BE-11335","Bill Eplett","120","5","4204.68","2","2","4","224","Hibernation"
"MH-17290","Marc Harrigan","120","6","2394.02","2","2","3","223","Hibernation"
"AG-10300","Aleksandra Gannaway","119","4","367.55","2","1","1","211","Hibernation"
"KB-16405","Katrina Bavinger","118","3","908.8199999999999","2","1","1","211","Hibernation"
"GM-14695","Greg Maxwell","118","3","6049.96","2","1","4","214","Hibernation"
"VM-21835","Vivian Mathis","118","5","380.69","2","2","1","221","Hibernation"
"JD-15790","John Dryer","118","5","2152.35","2","2","2","222","Hibernation"
"MD-17350","Maribeth Dona","118","7","3766.4","2","3","3","233","At Risk"
"TH-21235","Tiffany House","118","8","1022.21","2","3","1","231","At Risk"
"HW-14935","Helen Wasserman","118","8","9300.25","2","4","4","244","At Risk"
"JK-16120","Julie Kriz","118","10","2932.49","2","4","3","243","At Risk"
"MG-17875","Michael Grace","117","5","1242.84","2","2","2","222","Hibernation"
"JC-15340","Jasper Cacioppo","115","4","71.27","2","1","1","211","Hibernation"
"TG-21640","Trudy Glocke","115","4","2074.67","2","1","2","212","Hibernation"
"AG-10390","Allen Goldenen","115","5","200.95","2","1","1","211","Hibernation"
"PF-19225","Phillip Flathmann","115","5","2206.12","2","2","2","222","Hibernation"
"RD-19660","Robert Dilbeck","115","5","2786.63","2","2","3","223","Hibernation"
"DM-12955","Dario Medina","115","7","1322.03","2","3","2","232","At Risk"
"NF-18595","Nicole Fjeld","115","7","2031.48","2","3","2","232","At Risk"
"RD-19900","Ruben Dartt","115","9","3133.92","2","4","3","243","At Risk"
"EM-14095","Eudokia Martin","114","4","1041.04","2","1","1","211","Hibernation"
"EB-14110","Eugene Barchas","114","6","3071.14","2","3","3","233","At Risk"
"JD-16015","Joy Daniels","113","6","385.43","2","2","1","221","Hibernation"
"MC-17605","Matt Connell","113","8","2258.2","2","3","3","233","At Risk"
"GK-14620","Grace Kelly","113","9","6497.28","2","4","4","244","At Risk"
"KD-16495","Keith Dawkins","113","12","8181.240000000001","2","4","4","244","At Risk"
"AR-10345","Alex Russell","112","4","1055.69","2","1","1","211","Hibernation"
"SN-20560","Skye Norling","112","6","1860.42","2","2","2","222","Hibernation"
"RC-19960","Ryan Crowe","111","6","885.75","2","2","1","221","Hibernation"
"SS-20410","Shahid Shariari","111","6","3056.81","2","3","3","233","At Risk"
"JM-15865","John Murray","110","7","7625.070000000001","2","3","4","234","At Risk"
"SG-20605","Speros Goranitis","109","6","3124.84","2","3","3","233","At Risk"
"PS-18760","Pamela Stobb","108","6","2181.48","2","2","2","222","Hibernation"
"DB-13555","Dorothy Badders","108","7","3908.8","2","3","4","234","At Risk"
"TB-21520","Tracy Blumstein","108","9","4737.48","2","4","4","244","At Risk"
"TC-21145","Theresa Coyne","107","1","1038.26","2","1","1","211","Hibernation"
"CL-11890","Carl Ludwig","107","4","1262.01","2","1","2","212","Hibernation"
"CC-12145","Charles Crestani","107","7","2471.65","2","3","3","233","At Risk"
"GM-14500","Gene McClure","107","10","1255.68","2","4","2","242","At Risk"
"BB-10990","Barry Blumstein","106","5","744.3299999999999","2","2","1","221","Hibernation"
"CL-12700","Craig Leslie","106","5","2353.59","2","2","3","223","Hibernation"
"EH-14185","Evan Henry","106","6","923.88","2","2","1","221","Hibernation"
"JF-15355","Jay Fein","106","6","1911.84","2","2","2","222","Hibernation"
"TP-21415","Tom Prescott","105","5","5328.9800000000005","2","2","4","224","Hibernation"
"MO-17800","Meg O'Connel","105","8","1687.03","2","3","2","232","At Risk"
"PA-19060","Pete Armstrong","104","6","729.41","2","2","1","221","Hibernation"
"TM-21010","Tamara Manning","104","8","2955.23","2","3","3","233","At Risk"
"JM-15535","Jessica Myrick","103","7","1733.45","2","3","2","232","At Risk"
"JP-16135","Julie Prescott","103","9","1707.71","2","4","2","242","At Risk"
"SV-20365","Seth Vernon","102","10","11470.94","2","4","4","244","At Risk"
"ML-18265","Muhammed Lee","101","2","162.23000000000002","2","1","1","211","Hibernation"
"BM-11575","Brendan Murry","101","6","808.16","2","2","1","221","Hibernation"
"DL-12865","Dan Lawera","101","8","1503.12","2","3","2","232","At Risk"
"EB-13870","Emily Burns","101","10","2767.2200000000003","2","4","3","243","At Risk"
"KT-16480","Kean Thornton","101","10","4642.1","2","4","4","244","At Risk"
"MG-17890","Michael Granlund","100","9","776.39","2","4","1","241","At Risk"
"DW-13540","Don Weiss","99","5","344.08","2","2","1","221","Hibernation"
"BE-11410","Bobby Elias","99","5","2261.44","2","2","3","223","Hibernation"
"MH-17785","Maya Herman","99","7","2203.78","2","3","2","232","At Risk"
"KN-16705","Kristina Nunn","99","8","2280.58","2","3","3","233","At Risk"
"AP-10915","Arthur Prichep","99","10","3323.55","2","4","3","243","At Risk"
"KC-16540","Kelly Collister","98","4","3908.27","2","1","4","214","Hibernation"
"FA-14230","Frank Atkinson","98","7","2984.05","2","3","3","233","At Risk"
"BD-11605","Brian Dahlen","98","7","3288.48","2","3","3","233","At Risk"
"AG-10675","Anna Gayman","98","7","3489.06","2","3","3","233","At Risk"
"KF-16285","Karen Ferguson","98","7","10604.26","2","3","4","234","At Risk"
"PB-19150","Philip Brown","98","8","1456.95","2","3","2","232","At Risk"
"PP-18955","Paul Prost","98","10","7252.61","2","4","4","244","At Risk"
"KW-16435","Katrina Willman","97","5","4416.52","2","2","4","224","Hibernation"
"LS-17200","Luke Schmidt","97","6","1010.25","2","2","1","221","Hibernation"
"CA-11965","Carol Adams","97","6","3789.7200000000003","2","3","4","234","At Risk"
"RB-19360","Raymond Buch","97","6","15117.349999999999","2","3","4","234","At Risk"
"CT-11995","Carol Triggs","97","8","3241.9","2","3","3","233","At Risk"
"AG-10900","Arthur Gainer","97","10","4510.79","2","4","4","244","At Risk"
"SJ-20125","Sanjit Jacobs","96","12","3949.65","2","4","4","244","At Risk"
"DS-13030","Darrin Sayre","94","4","1762.21","2","1","2","212","Hibernation"
"BD-11725","Bruce Degenhardt","94","6","1526.5","2","2","2","222","Hibernation"
"ME-18010","Michelle Ellison","93","4","1256.95","2","1","2","212","Hibernation"
"MG-17680","Maureen Gastineau","93","4","2350.2000000000003","2","1","3","213","Hibernation"
"SC-20575","Sonia Cooley","93","5","902.73","2","2","1","221","Hibernation"
"JO-15280","Jas O'Carroll","93","6","1934.27","2","2","2","222","Hibernation"
"AS-10630","Ann Steele","93","7","833.41","2","3","1","231","At Risk"
"JA-15970","Joseph Airdo","93","8","6491.03","2","4","4","244","At Risk"
"CS-11845","Cari Sayre","92","5","1278.96","2","2","2","222","Hibernation"
"BT-11530","Bradley Talbott","92","5","2684.5","2","2","3","223","Hibernation"
"BF-10975","Barbara Fisher","92","7","599.79","2","3","1","231","At Risk"
"EB-13840","Ellis Ballard","91","5","4358.13","2","2","4","224","Hibernation"
"TN-21040","Tanja Norvell","91","7","3130.23","2","3","3","233","At Risk"
"PV-18985","Paul Van Hugh","90","5","2876.05","2","2","3","223","Hibernation"
"BP-11155","Becky Pak","90","6","1697.8700000000001","2","2","2","222","Hibernation"
"RF-19735","Roland Fjeld","90","7","2341.3","2","3","3","233","At Risk"
"RW-19630","Rob Williams","90","9","3279.75","2","4","3","243","At Risk"
"SC-20695","Steve Chapman","90","10","2576.4","2","4","3","243","At Risk"
"LW-16825","Laurel Workman","89","5","2238.06","2","2","2","222","Hibernation"
"AS-10045","Aaron Smayling","89","7","3050.69","2","3","3","233","At Risk"
"PO-19195","Phillina Ober","87","5","1056.8500000000001","2","2","1","221","Hibernation"
"CR-12820","Cyra Reiten","86","3","1397.8799999999999","2","1","2","212","Hibernation"
"AJ-10945","Ashley Jarboe","86","7","1839.24","2","3","2","232","At Risk"
"MH-17455","Mark Hamilton","86","8","2456.1800000000003","2","3","3","233","At Risk"
"MM-18280","Muhammed MacIntyre","86","9","775.41","2","4","1","241","At Risk"
"NZ-18565","Nick Zandusky","86","9","2488.33","2","4","3","243","At Risk"
"MG-18145","Mike Gockenbach","85","4","3061.54","2","1","3","213","Hibernation"
"JK-15730","Joe Kamberova","85","10","4867.21","2","4","4","244","At Risk"
"Dp-13240","Dean percer","85","11","7198.7699999999995","2","4","4","244","At Risk"
"BP-11050","Barry Pond","84","5","983.42","2","2","1","221","Hibernation"
"GM-14440","Gary McGarr","84","7","3582.8199999999997","2","3","3","233","At Risk"
"EB-14170","Evan Bailliet","83","6","1186.33","2","2","2","222","Hibernation"
"CP-12085","Cathy Prescott","83","8","5402.25","2","4","4","244","At Risk"
"CK-12760","Cyma Kinney","83","9","1582.1100000000001","2","4","2","242","At Risk"
"SW-20245","Scot Wooten","82","7","1085.06","2","3","1","231","At Risk"
"ML-18040","Michelle Lonsdale","80","3","742.08","2","1","1","211","Hibernation"
"RW-19690","Robert Waldorf","80","5","3495.64","2","2","3","223","Hibernation"
"SM-20320","Sean Miller","80","5","25043.07","2","2","4","224","Hibernation"
"SN-20710","Steve Nguyen","80","7","3127.97","2","3","3","233","At Risk"
"NF-18385","Natalie Fritzler","80","7","8322.82","2","3","4","234","At Risk"
"SP-20860","Sung Pak","80","10","4282.92","2","4","4","244","At Risk"
"CR-12730","Craig Reiter","79","4","1600.55","2","1","2","212","Hibernation"
"AG-10495","Andrew Gjertsen","79","8","2356.86","2","3","3","233","At Risk"
"EL-13735","Ed Ludwig","78","2","124.28","2","1","1","211","Hibernation"
"AG-10765","Anthony Garverick","78","4","170.59","2","1","1","211","Hibernation"
"BK-11260","Berenike Kampe","78","6","659.15","2","2","1","221","Hibernation"
"SV-20815","Stuart Van","77","4","1271.09","2","1","2","212","Hibernation"
"RS-19420","Ricardo Sperren","77","5","3221.29","2","2","3","223","Hibernation"
"MC-17275","Marc Crier","77","8","2725.98","2","3","3","233","At Risk"
"DL-13495","Dionis Lloyd","77","8","3539.32","2","4","3","243","At Risk"
"BO-11425","Bobby Odegard","76","2","130.83","2","1","1","211","Hibernation"
"VP-21760","Victoria Pisteka","76","7","3360.54","3","3","3","333","Loyal Customers"
"AJ-10780","Anthony Jacobs","76","7","4867.34","3","3","4","334","Loyal Customers"
"GH-14410","Gary Hansen","76","9","2819.46","3","4","3","343","Loyal Customers"
"AJ-10960","Astrea Jones","75","3","629.25","3","1","1","311","Potential Loyalist"
"BF-11020","Barry Französisch","75","8","2888.5","3","3","3","333","Loyal Customers"
"HH-15010","Hilary Holden","73","2","218.67000000000002","3","1","1","311","Potential Loyalist"
"MO-17500","Mary O'Rourke","73","4","922.49","3","1","1","311","Potential Loyalist"
"TH-21550","Tracy Hopkins","73","7","4234.1","3","3","4","334","Loyal Customers"
"RD-19480","Rick Duston","73","8","4272.9400000000005","3","4","4","344","Loyal Customers"
"MP-17965","Michael Paige","73","9","3983.65","3","4","4","344","Loyal Customers"
"PT-19090","Pete Takahito","72","4","160.57999999999998","3","1","1","311","Potential Loyalist"
"IG-15085","Ivan Gibson","72","4","744.5699999999999","3","1","1","311","Potential Loyalist"
"MY-18295","Muhammed Yedwab","72","11","4152.7","3","4","4","344","Loyal Customers"
"PH-18790","Patricia Hirasaki","71","1","729.6500000000001","3","1","1","311","Potential Loyalist"
"SP-20920","Susan Pistek","71","6","3990.67","3","3","4","334","Loyal Customers"
"NK-18490","Neil Knudson","71","7","572.05","3","3","1","331","Loyal Customers"
"SL-20155","Sara Luxemburg","71","7","3053.01","3","3","3","333","Loyal Customers"
"FC-14245","Frank Carlisle","71","7","3418.74","3","3","3","333","Loyal Customers"
"TA-21385","Tom Ashbrook","70","4","14595.619999999999","3","1","4","314","Potential Loyalist"
"DW-13195","David Wiener","70","6","1080.76","3","2","1","321","Potential Loyalist"
"BD-11620","Brian DeCherney","70","6","1538.12","3","2","2","322","Potential Loyalist"
"HA-14905","Helen Abelman","70","7","2163.32","3","3","2","332","Loyal Customers"
"PS-18970","Paul Stevenson","70","8","1278.6499999999999","3","3","2","332","Loyal Customers"
"ML-17395","Marina Lichtenstein","70","9","2722.84","3","4","3","343","Loyal Customers"
"JR-15700","Jocasta Rupert","69","1","863.88","3","1","1","311","Potential Loyalist"
"RB-19330","Randy Bradley","69","2","1008.1999999999999","3","1","1","311","Potential Loyalist"
"BF-11215","Benjamin Farhat","66","4","1585.17","3","1","2","312","Potential Loyalist"
"OT-18730","Olvera Toch","66","5","3818.62","3","2","4","324","Potential Loyalist"
"JF-15190","Jamie Frazer","66","7","2279.59","3","3","3","333","Loyal Customers"
"TW-21025","Tamara Willingham","65","7","5278.82","3","3","4","334","Loyal Customers"
"MA-17560","Matt Abelman","65","11","4299.16","3","4","4","344","Loyal Customers"
"SA-20830","Sue Ann Reed","64","10","4767.34","3","4","4","344","Loyal Customers"
"GB-14530","George Bell","63","11","1568.44","3","4","2","342","Loyal Customers"
"RA-19945","Ryan Akin","62","5","1686.93","3","2","2","322","Potential Loyalist"
"JK-15205","Jamie Kunitz","62","5","4427.14","3","2","4","324","Potential Loyalist"
"JK-15625","Jim Karlsson","62","7","3760.0299999999997","3","3","3","333","Loyal Customers"
"MM-18055","Michelle Moray","62","8","2749.87","3","3","3","333","Loyal Customers"
"AH-10120","Adrian Hane","61","7","1735.53","3","3","2","332","Loyal Customers"
"CY-12745","Craig Yedwab","61","8","2900.02","3","3","3","333","Loyal Customers"
"SF-20065","Sandra Flanagan","60","7","763.54","3","3","1","331","Loyal Customers"
"SF-20200","Sarah Foster","60","9","3422.7799999999997","3","4","3","343","Loyal Customers"
"NL-18310","Nancy Lomonaco","59","4","1418.08","3","1","2","312","Potential Loyalist"
"TH-21115","Thea Hudgings","59","4","2942.78","3","1","3","313","Potential Loyalist"
"TB-21175","Thomas Boland","59","4","3589.29","3","1","3","313","Potential Loyalist"
"NP-18670","Nora Paige","59","5","3908.4","3","2","4","324","Potential Loyalist"
"CS-12505","Cindy Stewart","59","6","5690.07","3","3","4","334","Loyal Customers"
"AR-10825","Anthony Rawles","59","8","4523.33","3","4","4","344","Loyal Customers"
"KH-16630","Ken Heidel","59","9","3918.96","3","4","4","344","Loyal Customers"
"BF-11275","Beth Fritzler","58","3","791.99","3","1","1","311","Potential Loyalist"
"DL-13330","Denise Leinenbach","58","4","585.02","3","1","1","311","Potential Loyalist"
"PB-19105","Peter Bühler","58","4","688.3299999999999","3","1","1","311","Potential Loyalist"
"KC-16675","Kimberly Carter","58","4","1146.05","3","1","1","311","Potential Loyalist"
"CR-12580","Clay Rozendal","58","4","2148.85","3","1","2","312","Potential Loyalist"
"JC-16105","Julie Creighton","58","5","858.5699999999999","3","2","1","321","Potential Loyalist"
"EJ-14155","Eva Jacobs","58","5","2656.69","3","2","3","323","Potential Loyalist"
"BG-11740","Bruce Geld","58","6","1006.35","3","2","1","321","Potential Loyalist"
"DL-12925","Daniel Lacy","58","6","3272.2000000000003","3","3","3","333","Loyal Customers"
"DM-13015","Darrin Martin","58","7","6345.09","3","3","4","334","Loyal Customers"
"PG-18895","Paul Gonzalez","58","9","1987.15","3","4","2","342","Loyal Customers"
"JO-15145","Jack O'Briant","58","9","3254.9500000000003","3","4","3","343","Loyal Customers"
"JM-16195","Justin MacKendrick","58","10","2833.92","3","4","3","343","Loyal Customers"
"GT-14635","Grant Thornton","57","3","9351.199999999999","3","1","4","314","Potential Loyalist"
"KM-16375","Katherine Murray","57","8","5620.18","3","4","4","344","Loyal Customers"
"CA-12265","Christina Anderson","57","9","2648.29","3","4","3","343","Loyal Customers"
"AH-10195","Alan Haines","56","4","1587.45","3","1","2","312","Potential Loyalist"
"AA-10645","Anna Andreadi","56","6","5086.9400000000005","3","3","4","334","Loyal Customers"
"TS-21610","Troy Staebel","56","7","2820.42","3","3","3","333","Loyal Customers"
"EM-13825","Elizabeth Moffitt","56","8","2339.6","3","3","3","333","Loyal Customers"
"CD-11980","Carol Darley","55","3","639.76","3","1","1","311","Potential Loyalist"
"RB-19705","Roger Barcio","55","4","2067.45","3","1","2","312","Potential Loyalist"
"HG-14845","Harry Greene","55","5","785.62","3","2","1","321","Potential Loyalist"
"LC-17050","Liz Carlisle","55","5","2095.06","3","2","2","322","Potential Loyalist"
"VB-21745","Victoria Brennan","55","6","2005.59","3","2","2","322","Potential Loyalist"
"ML-17410","Maris LaWare","55","6","2921.51","3","3","3","333","Loyal Customers"
"VM-21685","Valerie Mitchum","55","7","2454.87","3","3","3","333","Loyal Customers"
"JF-15565","Jill Fjeld","55","8","4198.32","3","4","4","344","Loyal Customers"
"AB-10060","Adam Bellavance","55","8","7755.63","3","4","4","344","Loyal Customers"
"ZC-21910","Zuschuss Carroll","55","13","8025.7","3","4","4","344","Loyal Customers"
"EC-14050","Erin Creighton","54","5","461.90999999999997","3","2","1","321","Potential Loyalist"
"DB-13270","Deborah Brumfield","54","8","4655.900000000001","3","4","4","344","Loyal Customers"
"KN-16450","Kean Nguyen","53","5","2171.97","3","2","2","322","Potential Loyalist"
"PM-19135","Peter McVee","52","4","4115.66","3","1","4","314","Potential Loyalist"
"MC-17590","Matt Collister","52","6","2426.07","3","2","3","323","Potential Loyalist"
"JE-15745","Joel Eaton","52","13","6760.8099999999995","3","4","4","344","Loyal Customers"
"AB-10600","Ann Blume","51","4","1515.86","3","1","2","312","Potential Loyalist"
"GH-14425","Gary Hwang","51","4","4172.84","3","1","4","314","Potential Loyalist"
"DR-12940","Daniel Raglin","51","8","8350.869999999999","3","4","4","344","Loyal Customers"
"TB-21190","Thomas Brumley","50","4","816.1700000000001","3","1","1","311","Potential Loyalist"
"MH-18025","Michelle Huthwaite","50","5","2984.95","3","2","3","323","Potential Loyalist"
"CG-12040","Catherine Glotzbach","50","6","904.48","3","2","1","321","Potential Loyalist"
"MT-17815","Meg Tillman","50","6","2890.14","3","3","3","333","Loyal Customers"
"JL-15505","Jeremy Lonsdale","50","6","3173.87","3","3","3","333","Loyal Customers"
"LB-16735","Larry Blacks","49","3","50.19","3","1","1","311","Potential Loyalist"
"NG-18430","Nathan Gelder","49","5","1395.9399999999998","3","2","2","322","Potential Loyalist"
"NG-18355","Nat Gilpin","49","5","1869.57","3","2","2","322","Potential Loyalist"
"EM-14140","Eugene Moren","49","6","4588.4400000000005","3","3","4","334","Loyal Customers"
"DB-13120","David Bremer","49","7","2973.09","3","3","3","333","Loyal Customers"
"JE-15610","Jim Epp","49","7","7754.969999999999","3","3","4","334","Loyal Customers"
"DJ-13510","Don Jones","49","8","2501.69","3","3","3","333","Loyal Customers"
"SF-20965","Sylvia Foulston","49","9","3336.53","3","4","3","343","Loyal Customers"
"EB-13705","Ed Braxton","49","9","3644.97","3","4","3","343","Loyal Customers"
"MB-17305","Maria Bertelson","49","10","1548.71","3","4","2","342","Loyal Customers"
"EM-14065","Erin Mull","48","4","228.98999999999998","3","1","1","311","Potential Loyalist"
"SB-20290","Sean Braxton","48","7","8057.89","3","3","4","334","Loyal Customers"
"SP-20620","Stefania Perrino","48","9","5440.32","3","4","4","344","Loyal Customers"
"CB-12025","Cassandra Brandow","48","10","6076.15","3","4","4","344","Loyal Customers"
"KL-16645","Ken Lonsdale","48","12","14175.23","3","4","4","344","Loyal Customers"
"AW-10930","Arthur Wiediger","47","7","2852.95","3","3","3","333","Loyal Customers"
"PW-19030","Pauline Webber","47","10","3454.9100000000003","3","4","3","343","Loyal Customers"
"JE-15715","Joe Elijah","47","10","8697.86","3","4","4","344","Loyal Customers"
"DK-12895","Dana Kaydos","46","5","4282.16","3","2","4","324","Potential Loyalist"
"MW-18235","Mitch Willingham","45","2","5253.88","3","1","4","314","Potential Loyalist"
"EK-13795","Eileen Kiefer","45","4","1303.48","3","1","2","312","Potential Loyalist"
"MB-18085","Mick Brown","45","7","1428.24","3","3","2","332","Loyal Customers"
"JK-15370","Jay Kimmel","45","8","2709.62","3","3","3","333","Loyal Customers"
"CC-12370","Christopher Conant","44","5","12129.08","3","2","4","324","Potential Loyalist"
"HL-15040","Hunter Lopez","44","6","12873.3","3","3","4","334","Loyal Customers"
"JB-16000","Joy Bell-","44","7","644.12","3","3","1","331","Loyal Customers"
"RA-19885","Ruben Ausman","44","7","3832.32","3","3","4","334","Loyal Customers"
"GG-14650","Greg Guthrie","44","9","2223.99","3","4","2","342","Loyal Customers"
"CK-12595","Clytie Kelty","44","11","2372.75","3","4","3","343","Loyal Customers"
"XP-21865","Xylona Preis","44","11","2374.66","3","4","3","343","Loyal Customers"
"CD-12280","Christina DeMoss","43","2","1205.58","3","1","2","312","Potential Loyalist"
"RD-19930","Russell D'Ascenzo","43","4","970.95","3","1","1","311","Potential Loyalist"
"JS-15685","Jim Sink","43","4","1131.07","3","1","1","311","Potential Loyalist"
"JW-15220","Jane Waco","43","6","7721.71","3","3","4","334","Loyal Customers"
"DK-13090","Dave Kipp","43","7","2650.5499999999997","3","3","3","333","Loyal Customers"
"ME-17320","Maria Etezadi","43","10","10663.73","3","4","4","344","Loyal Customers"
"AS-10135","Adrian Shami","42","2","58.82","3","1","1","311","Potential Loyalist"
"AB-10150","Aimee Bixby","42","5","966.71","3","2","1","321","Potential Loyalist"
"DD-13570","Dorothy Dickinson","42","6","269.53000000000003","3","2","1","321","Potential Loyalist"
"KD-16345","Katherine Ducich","42","6","1888.96","3","2","2","322","Potential Loyalist"
"NC-18415","Nathan Cano","42","6","2218.9900000000002","3","2","2","322","Potential Loyalist"
"JH-15910","Jonathan Howell","42","7","959.48","3","3","1","331","Loyal Customers"
"AF-10870","Art Ferguson","42","7","2052.91","3","3","2","332","Loyal Customers"
"SC-20770","Stewart Carmichael","42","7","4492.68","3","3","4","334","Loyal Customers"
"AP-10720","Anne Pryor","42","8","1638.55","3","3","2","332","Loyal Customers"
"LC-16930","Linda Cazamias","42","8","4492.9400000000005","3","4","4","344","Loyal Customers"
"JD-16150","Justin Deggeller","42","8","8828.039999999999","3","4","4","344","Loyal Customers"
"MC-18100","Mick Crebagga","42","10","2218.99","3","4","2","342","Loyal Customers"
"AB-10105","Adrian Barton","42","10","14473.57","3","4","4","344","Loyal Customers"
"LP-17080","Liz Pelletier","41","4","756.6","3","1","1","311","Potential Loyalist"
"CD-11920","Carlos Daly","41","5","2033.97","3","2","2","322","Potential Loyalist"
"ES-14020","Erica Smith","41","5","3510.4599999999996","3","2","3","323","Potential Loyalist"
"KH-16330","Katharine Harms","41","8","3312.87","3","4","3","343","Loyal Customers"
"SC-20050","Sample Company A","41","9","4624.57","3","4","4","344","Loyal Customers"
"BF-11005","Barry Franz","40","4","1333.89","3","1","2","312","Potential Loyalist"
"BP-11230","Benjamin Patterson","40","5","1181.49","3","2","2","322","Potential Loyalist"
"PJ-18835","Patrick Jones","40","8","1220.1","3","3","2","332","Loyal Customers"
"CC-12475","Cindy Chapman","40","9","1659.45","3","4","2","342","Loyal Customers"
"CK-12205","Chloris Kastensmidt","40","13","3154.83","3","4","3","343","Loyal Customers"
"FO-14305","Frank Olsen","39","10","2678.43","3","4","3","343","Loyal Customers"
"CM-12385","Christopher Martinez","38","4","8954.01","3","1","4","314","Potential Loyalist"
"JM-15265","Janet Molinari","38","5","1804.14","3","2","2","322","Potential Loyalist"
"JM-15250","Janet Martin","38","6","3159.11","3","3","3","333","Loyal Customers"
"JP-15460","Jennifer Patt","38","7","1669.1299999999999","3","3","2","332","Loyal Customers"
"TD-20995","Tamara Dahlen","38","9","1434.56","3","4","2","342","Loyal Customers"
"DC-12850","Dan Campbell","38","9","3336.17","3","4","3","343","Loyal Customers"
"FH-14275","Frank Hawley","38","10","4256.28","3","4","4","344","Loyal Customers"
"MD-17860","Michael Dominguez","37","5","1204.91","3","2","2","322","Potential Loyalist"
"PR-18880","Patrick Ryan","37","5","1840.18","3","2","2","322","Potential Loyalist"
"BG-11695","Brooke Gillingham","37","6","1874.18","3","2","2","322","Potential Loyalist"
"TS-21370","Todd Sumrall","37","6","11891.75","3","3","4","334","Loyal Customers"
"KA-16525","Kelly Andreada","37","7","1519.51","3","3","2","332","Loyal Customers"
"SC-20440","Shaun Chance","37","7","1874.9999999999998","3","3","2","332","Loyal Customers"
"RS-19765","Roland Schwarz","37","8","4159.7699999999995","3","4","4","344","Loyal Customers"
"FM-14290","Frank Merwin","37","9","3736.2000000000003","3","4","3","343","Loyal Customers"
"GT-14710","Greg Tran","37","11","11820.12","3","4","4","344","Loyal Customers"
"PG-18820","Patrick Gardner","37","13","3086.9","3","4","3","343","Loyal Customers"
"TZ-21580","Tracy Zic","36","4","1707.28","3","1","2","312","Potential Loyalist"
"HZ-14950","Henia Zydlo","36","5","886.52","3","2","1","321","Potential Loyalist"
"BS-11590","Brendan Sweed","36","6","2454.93","3","2","3","323","Potential Loyalist"
"BD-11500","Bradley Drucker","36","6","4411.25","3","3","4","334","Loyal Customers"
"RO-19780","Rose O'Brian","36","7","3815.47","3","3","4","334","Loyal Customers"
"EB-13750","Edward Becker","36","10","3236.32","3","4","3","343","Loyal Customers"
"SZ-20035","Sam Zeldin","36","11","3625.34","3","4","3","343","Loyal Customers"
"GT-14755","Guy Thornton","35","4","226.43","3","1","1","311","Potential Loyalist"
"LS-17245","Lynn Smith","35","6","1008.14","3","2","1","321","Potential Loyalist"
"MN-17935","Michael Nguyen","35","6","2477.94","3","2","3","323","Potential Loyalist"
"FG-14260","Frank Gastineau","35","7","1383.1299999999999","3","3","2","332","Loyal Customers"
"CC-12610","Corey Catlett","35","7","2540.63","3","3","3","333","Loyal Customers"
"LT-17110","Liz Thompson","35","8","2936.2599999999998","3","3","3","333","Loyal Customers"
"AH-10075","Adam Hart","35","10","3250.35","3","4","3","343","Loyal Customers"
"JR-16210","Justin Ritter","34","5","2201.69","3","2","2","322","Potential Loyalist"
"LW-16990","Lindsay Williams","34","6","3230.3","3","3","3","333","Loyal Customers"
"DB-13615","Doug Bickford","34","7","1989.05","3","3","2","332","Loyal Customers"
"BM-11650","Brian Moss","34","11","7294.18","3","4","4","344","Loyal Customers"
"RP-19390","Resi Pölking","34","12","5153.06","3","4","4","344","Loyal Customers"
"BD-11320","Bill Donatelli","34","12","5718.53","3","4","4","344","Loyal Customers"
"DG-13300","Deirdre Greer","33","5","3195.82","3","2","3","323","Potential Loyalist"
"RH-19495","Rick Hansen","33","5","3621.38","3","2","3","323","Potential Loyalist"
"RB-19795","Ross Baird","33","8","5633.31","3","4","4","344","Loyal Customers"
"TT-21070","Ted Trevino","32","7","4915.59","3","3","4","334","Loyal Customers"
"VP-21730","Victor Preis","31","3","993.9","3","1","1","311","Potential Loyalist"
"SC-20800","Stuart Calhoun","31","4","279.25","3","1","1","311","Potential Loyalist"
"MZ-17335","Maria Zettner","31","4","593.61","3","1","1","311","Potential Loyalist"
"SW-20275","Scott Williamson","31","6","1966.6499999999999","3","2","2","322","Potential Loyalist"
"HP-14815","Harold Pawlan","31","7","1990.3100000000002","3","3","2","332","Loyal Customers"
"PN-18775","Parhena Norris","31","8","1467.16","4","3","2","432","Loyal Customers"
"TB-21625","Trudy Brown","31","9","2797.68","4","4","3","443","Champions"
"SC-20380","Shahid Collister","31","9","5992.53","4","4","4","444","Champions"
"SJ-20215","Sarah Jordon","30","6","1341.04","4","2","2","422","New Customers"
"SO-20335","Sean O'Donnell","30","6","2602.58","4","2","3","423","New Customers"
"DV-13465","Dianna Vittorini","30","6","3341.58","4","3","3","433","Loyal Customers"
"JH-15985","Joseph Holt","30","6","7954.99","4","3","4","434","Loyal Customers"
"ML-17755","Max Ludwig","30","7","2071.91","4","3","2","432","Loyal Customers"
"MY-17380","Maribeth Yedwab","30","7","2254.29","4","3","2","432","Loyal Customers"
"CC-12670","Craig Carreira","30","7","2269.69","4","3","3","433","Loyal Customers"
"MG-17650","Matthew Grinstein","30","7","3785.28","4","3","3","433","Loyal Customers"
"SC-20305","Sean Christensen","30","7","3979.06","4","3","4","434","Loyal Customers"
"AD-10180","Alan Dominguez","30","8","6106.88","4","4","4","444","Champions"
"SH-19975","Sally Hughsby","30","13","3406.86","4","4","3","443","Champions"
"JK-16090","Juliana Krohn","29","3","3747.66","4","1","3","413","New Customers"
"AM-10360","Alice McCarthy","29","5","814.01","4","2","1","421","New Customers"
"BS-11380","Bill Stewart","29","5","3887.82","4","2","4","424","New Customers"
"JS-16030","Joy Smith","29","6","2516.49","4","2","3","423","New Customers"
"GW-14605","Giulietta Weimer","29","7","2189.02","4","3","2","432","Loyal Customers"
"ME-17725","Max Engle","29","8","1908.45","4","3","2","432","Loyal Customers"
"RP-19855","Roy Phan","29","8","2170.71","4","3","2","432","Loyal Customers"
"MK-17905","Michael Kennedy","29","8","2302.36","4","3","3","433","Loyal Customers"
"BG-11035","Barry Gonzalez","29","8","2798.96","4","3","3","433","Loyal Customers"
"KM-16720","Kunst Miller","29","8","4909.47","4","4","4","444","Champions"
"AS-10090","Adam Shillingsburg","29","9","3255.3","4","4","3","443","Champions"
"ES-14080","Erin Smith","29","9","4657.93","4","4","4","444","Champions"
"BB-11545","Brenda Bowman","29","9","6765.73","4","4","4","444","Champions"
"VW-21775","Victoria Wilson","29","10","6134.04","4","4","4","444","Champions"
"CS-12460","Chuck Sachs","28","2","550.64","4","1","1","411","New Customers"
"CC-12550","Clay Cheatham","28","3","113.84","4","1","1","411","New Customers"
"CM-12655","Corinna Mitchell","28","6","6339.56","4","3","4","434","Loyal Customers"
"MC-17575","Matt Collins","28","8","1303.89","4","3","2","432","Loyal Customers"
"LC-16870","Lena Cacioppo","28","8","2580.71","4","3","3","433","Loyal Customers"
"TC-21295","Toby Carlisle","28","8","4266.81","4","4","4","444","Champions"
"MV-17485","Mark Van Huff","28","9","1560.03","4","4","2","442","Champions"
"ND-18370","Natalie DeCherney","28","9","4326.14","4","4","4","444","Champions"
"LT-16765","Larry Tron","27","3","329.87","4","1","1","411","New Customers"
"MS-17980","Michael Stewart","27","6","855.12","4","2","1","421","New Customers"
"CM-12160","Charles McCrossin","27","6","2533.32","4","2","3","423","New Customers"
"LR-16915","Lena Radford","27","6","5142.89","4","3","4","434","Loyal Customers"
"DO-13645","Doug O'Connell","27","7","1267.32","4","3","2","432","Loyal Customers"
"KE-16420","Katrina Edelman","27","8","1686.73","4","3","2","432","Loyal Customers"
"CB-12415","Christy Brittain","27","8","1949.21","4","3","2","432","Loyal Customers"
"CS-12250","Chris Selesnick","27","12","2754.2200000000003","4","4","3","443","Champions"
"BF-11080","Bart Folk","26","3","272.95","4","1","1","411","New Customers"
"PB-18805","Patrick Bzostek","26","3","740.36","4","1","1","411","New Customers"
"RB-19570","Rob Beeghly","26","5","528.53","4","2","1","421","New Customers"
"NP-18325","Naresj Patel","26","6","5529.62","4","3","4","434","Loyal Customers"
"AB-10165","Alan Barnes","26","8","1113.8500000000001","4","3","1","431","Loyal Customers"
"QJ-19255","Quincy Jones","26","9","6108.34","4","4","4","444","Champions"
"CS-11950","Carlos Soltero","26","11","3036.5299999999997","4","4","3","443","Champions"
"SM-20950","Suzanne McNair","26","12","5563.400000000001","4","4","4","444","Champions"
"BN-11470","Brad Norvell","25","4","265.31","4","1","1","411","New Customers"
"DC-13285","Debra Catini","24","5","1174.62","4","2","2","422","New Customers"
"FP-14320","Frank Preis","24","8","4046.75","4","4","4","444","Champions"
"BH-11710","Brosina Hoffman","24","8","6255.34","4","4","4","444","Champions"
"DS-13180","David Smith","24","9","2881.8","4","4","3","443","Champions"
"SH-20395","Shahid Hopkins","24","10","2180.7","4","4","2","442","Champions"
"HG-14965","Henry Goldwyn","24","12","3247.65","4","4","3","443","Champions"
"EG-13900","Emily Grady","23","5","1832.02","4","2","2","422","New Customers"
"AS-10225","Alan Schoenberger","23","5","4260.78","4","2","4","424","New Customers"
"CW-11905","Carl Weiss","23","6","1136.59","4","2","1","421","New Customers"
"LF-17185","Luke Foster","23","7","3930.52","4","3","4","434","Loyal Customers"
"KH-16510","Keith Herrera","23","7","5952.86","4","3","4","434","Loyal Customers"
"MJ-17740","Max Jones","23","7","6320.75","4","3","4","434","Loyal Customers"
"DL-13315","Delfina Latchford","23","8","1458.25","4","3","2","432","Loyal Customers"
"DM-13345","Denise Monton","23","8","4074.47","4","4","4","444","Champions"
"AH-10585","Angele Hood","22","4","738.5","4","1","1","411","New Customers"
"AT-10435","Alyssa Tate","22","6","1171.81","4","2","2","422","New Customers"
"LE-16810","Laurel Elliston","22","6","1469.45","4","2","2","422","New Customers"
"HF-14995","Herbert Flentye","22","7","2533.16","4","3","3","433","Loyal Customers"
"LW-17215","Luke Weiss","22","7","5420.5199999999995","4","3","4","434","Loyal Customers"
"DB-12910","Daniel Byrd","22","8","2171.61","4","3","2","432","Loyal Customers"
"LH-16900","Lena Hernandez","22","9","2295.32","4","4","3","443","Champions"
"RD-19720","Roger Demir","22","10","1419.74","4","4","2","442","Champions"
"JL-15835","John Lee","22","11","9799.94","4","4","4","444","Champions"
"DK-12835","Damala Kotsonis","22","12","3256.48","4","4","3","443","Champions"
"JE-16165","Justin Ellison","21","3","2697.25","4","1","3","413","New Customers"
"AW-10840","Anthony Witt","21","4","649.37","4","1","1","411","New Customers"
"SU-20665","Stephanie Ulpright","21","7","2595.38","4","3","3","433","Loyal Customers"
"BT-11680","Brian Thompson","21","7","3196.75","4","3","3","433","Loyal Customers"
"HA-14920","Helen Andreada","21","8","2584.17","4","3","3","433","Loyal Customers"
"LS-16975","Lindsay Shagiari","21","9","2988.65","4","4","3","443","Champions"
"WB-21850","William Brown","21","11","6160.1","4","4","4","444","Champions"
"CC-12220","Chris Cortes","21","12","3913.43","4","4","4","444","Champions"
"RS-19870","Roy Skaria","20","2","22.330000000000002","4","1","1","411","New Customers"
"RR-19315","Ralph Ritter","20","2","615.9300000000001","4","1","1","411","New Customers"
"DV-13045","Darrin Van Huff","20","5","1119.48","4","2","1","421","New Customers"
"AS-10285","Alejandro Savely","20","6","3214.2400000000002","4","3","3","433","Loyal Customers"
"MV-18190","Mike Vittorini","20","7","1734.58","4","3","2","432","Loyal Customers"
"RB-19435","Richard Bierner","20","8","2663.07","4","3","3","433","Loyal Customers"
"DK-13375","Dennis Kane","20","8","3318.4900000000002","4","4","3","443","Champions"
"AA-10375","Allen Armold","20","9","1056.39","4","4","1","441","Champions"
"NB-18655","Nona Balk","20","9","1972.61","4","4","2","442","Champions"
"KN-16390","Katherine Nockton","20","9","2617.29","4","4","3","443","Champions"
"MW-18220","Mitch Webber","18","7","5341.900000000001","4","3","4","434","Loyal Customers"
"BP-11095","Bart Pistole","18","12","2442.05","4","4","3","443","Champions"
"GM-14455","Gary Mitchum","17","6","3078.63","4","3","3","433","Loyal Customers"
"DB-13060","Dave Brooks","17","7","4531.65","4","3","4","434","Loyal Customers"
"KL-16555","Kelly Lampkin","17","8","5016.47","4","4","4","444","Champions"
"MP-18175","Mike Pelletier","17","9","5087.93","4","4","4","444","Champions"
"BF-11170","Ben Ferrer","17","11","5907.97","4","4","4","444","Champions"
"LC-16885","Lena Creighton","17","12","7663.13","4","4","4","444","Champions"
"PL-18925","Paul Lucas","16","5","239.49","4","1","1","411","New Customers"
"KM-16660","Khloe Miller","16","5","453.54","4","2","1","421","New Customers"
"SS-20140","Saphhira Shifley","16","8","1324.03","4","3","2","432","Loyal Customers"
"AY-10555","Andy Yotov","15","4","497.02","4","1","1","411","New Customers"
"AR-10510","Andrew Roberts","15","5","264.87","4","1","1","411","New Customers"
"KM-16225","Kalyca Meade","15","6","2260.95","4","2","3","423","New Customers"
"RD-19810","Ross DeVincentis","15","8","1137.61","4","3","1","431","Loyal Customers"
"CA-12310","Christine Abelman","14","4","1421.96","4","1","2","412","New Customers"
"VF-21715","Vicky Freymann","14","5","847.95","4","2","1","421","New Customers"
"HR-14770","Hallie Redmond","14","5","1299.29","4","2","2","422","New Customers"
"GB-14575","Giulietta Baptist","14","5","4716.3","4","2","4","424","New Customers"
"LC-17140","Logan Currie","14","9","2633.57","4","4","3","443","Champions"
"AT-10735","Annie Thurman","14","10","3831.87","4","4","4","444","Champions"
"AI-10855","Arianne Irving","14","10","4375.79","4","4","4","444","Champions"
"DJ-13630","Doug Jacobs","13","3","3356.4","4","1","3","413","New Customers"
"HE-14800","Harold Engle","13","4","883.53","4","1","1","411","New Customers"
"DB-13660","Duane Benoit","13","7","1155.21","4","3","2","432","Loyal Customers"
"AH-10030","Aaron Hawkins","13","7","1744.7","4","3","2","432","Loyal Customers"
"BP-11290","Beth Paige","13","7","2475.16","4","3","3","433","Loyal Customers"
"TT-21460","Tonja Turnell","13","7","5364.8","4","3","4","434","Loyal Customers"
"RA-19915","Russell Applegate","13","9","4793.53","4","4","4","444","Champions"
"EP-13915","Emily Phan","13","17","5478.06","4","4","4","444","Champions"
"TS-21505","Tony Sayre","12","6","2243.28","4","2","2","422","New Customers"
"AC-10450","Amy Cox","12","7","5527.85","4","3","4","434","Loyal Customers"
"DK-13150","David Kendrick","11","2","797.83","4","1","1","411","New Customers"
"DK-13225","Dean Katz","11","9","4802.39","4","4","4","444","Champions"
"BD-11635","Brian Derr","10","3","582.65","4","1","1","411","New Customers"
"BN-11515","Bradley Nguyen","10","5","1459.34","4","2","2","422","New Customers"
"LP-17095","Liz Preis","10","7","3653.4","4","3","3","433","Loyal Customers"
"YS-21880","Yana Sorensen","10","8","6720.4400000000005","4","4","4","444","Champions"
"DB-13210","Dean Braden","10","10","2332.57","4","4","3","443","Champions"
"SE-20110","Sanjit Engle","10","11","12209.44","4","4","4","444","Champions"
"RB-19465","Rick Bensley","10","12","4715.47","4","4","4","444","Champions"
"PK-19075","Pete Kriz","10","12","8646.93","4","4","4","444","Champions"
"SK-19990","Sally Knutson","9","3","883.4100000000001","4","1","1","411","New Customers"
"SG-20080","Sandra Glassco","9","3","3406.58","4","1","3","413","New Customers"
"CM-12115","Chad McGuire","9","4","1661.6100000000001","4","1","2","412","New Customers"
"AG-10330","Alex Grayson","9","5","660.97","4","2","1","421","New Customers"
"JM-15655","Jim Mitchum","9","5","864.95","4","2","1","421","New Customers"
"SR-20425","Sharelle Roach","9","5","3233.48","4","2","3","423","New Customers"
"JL-15130","Jack Lebron","9","6","1214.95","4","2","2","422","New Customers"
"CM-12190","Charlotte Melton","9","6","1475.14","4","2","2","422","New Customers"
"JP-15520","Jeremy Pistek","9","7","3635.59","4","3","3","433","Loyal Customers"
"TP-21130","Theone Pippenger","9","9","4454.06","4","4","4","444","Champions"
"DK-12985","Darren Koutras","8","5","1687.03","4","2","2","422","New Customers"
"MF-18250","Monica Federle","8","5","1758.3","4","2","2","422","New Customers"
"JB-16045","Julia Barnett","8","5","2518.11","4","2","3","423","New Customers"
"GZ-14470","Gary Zandusky","8","9","4355.15","4","4","4","444","Champions"
"JB-15400","Jennifer Braxton","8","10","1791.6200000000001","4","4","2","442","Champions"
"FM-14215","Filia McAdams","8","10","2456.64","4","4","3","443","Champions"
"MM-17920","Michael Moore","8","11","3794.07","4","4","4","444","Champions"
"NS-18505","Neola Schneider","7","4","2575.87","4","1","3","413","New Customers"
"JL-15175","James Lanier","7","5","1571.52","4","2","2","422","New Customers"
"AC-10615","Ann Chong","7","5","2537.69","4","2","3","423","New Customers"
"RM-19675","Robert Marley","7","5","5979.09","4","2","4","424","New Customers"
"AR-10540","Andy Reiter","7","6","6608.45","4","3","4","434","Loyal Customers"
"HG-15025","Hunter Glantz","7","7","3690.28","4","3","3","433","Loyal Customers"
"NC-18535","Nick Crebassa","7","7","8241.74","4","3","4","434","Loyal Customers"
"RF-19840","Roy Französisch","7","8","945.2199999999999","4","3","1","431","Loyal Customers"
"DP-13105","Dave Poirier","7","8","2214.9900000000002","4","3","2","432","Loyal Customers"
"AH-10210","Alan Hwang","7","9","4805.35","4","4","4","444","Champions"
"CS-12355","Christine Sundaresam","7","11","3202.16","4","4","3","443","Champions"
"JH-15430","Jennifer Halladay","6","4","309.29","4","1","1","411","New Customers"
"GD-14590","Giulietta Dortch","6","4","1888.0800000000002","4","1","2","412","New Customers"
"JW-15955","Joni Wasserman","6","7","1244.09","4","3","2","432","Loyal Customers"
"FH-14365","Fred Hopkins","6","8","6987.2","4","4","4","444","Champions"
"CV-12805","Cynthia Voltz","6","9","2370.33","4","4","3","443","Champions"
"RA-19285","Ralph Arnett","6","9","2617.89","4","4","3","443","Champions"
"MH-18115","Mick Hernandez","6","9","5503.09","4","4","4","444","Champions"
"GA-14725","Guy Armstrong","6","11","1398.3899999999999","4","4","2","442","Champions"
"YC-21895","Yoseph Carroll","5","5","5454.349999999999","4","2","4","424","New Customers"
"TC-21535","Tracy Collins","5","7","742.5500000000001","4","3","1","431","Loyal Customers"
"KB-16240","Karen Bern","5","7","3152.61","4","3","3","433","Loyal Customers"
"PO-18850","Patrick O'Brill","5","11","7473.839999999999","4","4","4","444","Champions"
"DR-12880","Dan Reichenbach","4","9","6528.03","4","4","4","444","Champions"
"GH-14665","Greg Hansen","3","2","146.94","4","1","1","411","New Customers"
"PC-18745","Pamela Coakley","3","4","1832.07","4","1","2","412","New Customers"
"LO-17170","Lori Olson","3","5","644.35","4","2","1","421","New Customers"
"JG-15310","Jason Gross","3","6","2240.58","4","2","2","422","New Customers"
"JF-15415","Jennifer Ferguson","3","6","2371.45","4","2","3","423","New Customers"
"EH-14005","Erica Hernandez","3","7","1219.52","4","3","2","432","Loyal Customers"
"KH-16690","Kristen Hastings","3","7","5990.79","4","3","4","434","Loyal Customers"
"SV-20935","Susan Vittorini","3","8","1903.49","4","3","2","432","Loyal Customers"
"CS-12400","Christopher Schild","3","9","3651.86","4","4","3","443","Champions"
"HM-14860","Harry Marie","3","10","8236.76","4","4","4","444","Champions"
"KH-16360","Katherine Hughes","2","6","3100.6","4","3","3","433","Loyal Customers"
"KB-16600","Ken Brennan","2","7","983.9300000000001","4","3","1","431","Loyal Customers"
"BS-11755","Bruce Stewart","2","7","2562.38","4","3","3","433","Loyal Customers"
"MC-17845","Michael Chen","2","7","3805.71","4","3","4","434","Loyal Customers"
"BP-11185","Ben Peterman","2","9","3675.86","4","4","3","443","Champions"
"JG-15160","James Galang","2","11","6366.4","4","4","4","444","Champions"
"EB-13975","Erica Bern","1","4","1643.26","4","1","2","412","New Customers"
"JM-15580","Jill Matthias","1","5","303.94","4","2","1","421","New Customers"
"PO-18865","Patrick O'Donnell","1","7","2493.22","4","3","3","433","Loyal Customers"
"CC-12430","Chuck Clark","1","10","2870.05","4","4","3","443","Champions"